idx,chain,resnum,resname,x,y,z,is_active_site,is_surface,raw_score,normalized_score,rank,in_top5,is_ground_truth,hop_to_gt
266,A,351,ARG,-46.12300109863281,11.663000106811523,5.510000228881836,False,True,0.9223344965192143,0.9280639701584779,1,True,True,0
151,A,234,TYR,-23.225000381469727,1.3609999418258667,2.9140000343322754,False,True,0.8670747697271668,0.8724608011570013,2,True,False,5
353,A,456,MET,-53.23899841308594,23.29800033569336,2.181999921798706,False,True,0.8101896784642628,0.8152221659560241,3,True,True,0
267,A,352,GLN,-43.775001525878906,9.175000190734863,7.322000026702881,False,True,0.804082967750825,0.8090775017031551,4,True,False,1
143,A,226,ASP,-12.564000129699709,4.855000019073486,15.53600025177002,False,True,0.7914553151305549,0.7963713675346115,5,True,False,7
