idx,chain,resnum,resname,x,y,z,is_active_site,is_surface,raw_score,normalized_score,rank,in_top5,is_ground_truth,hop_to_gt
357,A,438,LYS,32.4109992980957,58.19599914550781,72.06600189208984,False,True,0.8701540121180146,0.8933733329858878,1,True,False,3
379,A,460,PRO,43.86800003051758,39.44599914550781,61.499000549316406,False,True,0.8182452690583425,0.8400794146069572,2,True,False,2
272,A,353,GLU,42.30199813842773,55.220001220703125,40.60699844360352,False,True,0.812229254816201,0.8339028641245345,3,True,False,1
270,A,351,ARG,43.94100189208984,51.0009994506836,43.64799880981445,False,True,0.7662112977662643,0.7866569263031313,4,True,True,0
328,A,409,GLY,27.29700088500977,63.47100067138672,76.57499694824219,False,True,0.7551700429242141,0.7753210375940413,5,True,False,4
