rank,chain,resnum,resname,raw_score,normalized_score,x,y,z
1,A,438,LYS,0.8701540121180146,0.8933733329858878,32.4109992980957,58.19599914550781,72.06600189208984
2,A,460,PRO,0.8182452690583425,0.8400794146069572,43.86800003051758,39.44599914550781,61.499000549316406
3,A,353,GLU,0.812229254816201,0.8339028641245345,42.30199813842773,55.220001220703125,40.60699844360352
4,A,351,ARG,0.7662112977662643,0.7866569263031313,43.94100189208984,51.0009994506836,43.64799880981445
5,A,409,GLY,0.7551700429242141,0.7753210375940413,27.29700088500977,63.47100067138672,76.57499694824219
