rank,chain,resnum,resname,raw_score,normalized_score,x,y,z
1,A,62,GLU,496.91727634417805,0.7549435582726268,-1.4579999446868896,-16.319000244140625,58.51499938964844
2,A,73,ARG,476.22867789769765,0.7234988313177761,-9.303999900817873,-28.48500061035156,55.09299850463867
3,A,61,GLN,167.6446778847912,0.2544801276997819,1.5959999561309814,-16.711000442504883,56.30199813842773
4,A,64,TYR,159.2576985855082,0.2417327067121217,-1.9570000171661377,-18.32900047302246,63.19599914550781
5,A,68,ARG,145.31758790491455,0.22054504747045675,-3.953000068664551,-21.94499969482422,57.02999877929688
