idx,chain,resnum,resname,x,y,z,is_active_site,is_surface,raw_score,normalized_score,rank,in_top5,is_ground_truth,hop_to_gt
61,A,62,GLU,-1.4579999446868896,-16.319000244140625,58.51499938964844,False,True,496.91727634417805,0.7549435582726268,1,True,True,0
72,A,73,ARG,-9.303999900817873,-28.48500061035156,55.09299850463867,False,True,476.22867789769765,0.7234988313177761,2,True,False,1
60,A,61,GLN,1.5959999561309814,-16.711000442504883,56.30199813842773,False,True,167.6446778847912,0.2544801276997819,3,True,True,0
63,A,64,TYR,-1.9570000171661377,-18.32900047302246,63.19599914550781,False,True,159.2576985855082,0.2417327067121217,4,True,False,1
67,A,68,ARG,-3.953000068664551,-21.94499969482422,57.02999877929688,False,True,145.31758790491455,0.22054504747045675,5,True,True,0
