idx,chain,resnum,resname,x,y,z,is_active_site,is_surface,raw_score,normalized_score,rank,in_top5,is_ground_truth,hop_to_gt
66,A,66,ALA,9.062999725341797,-5.031000137329102,-12.142999649047852,False,True,345.974480188373,0.38284200518079836,1,True,False,1
62,A,62,GLU,0.9520000219345092,-9.03499984741211,-8.048999786376953,False,True,276.8562909678296,0.3063249755365268,2,True,True,0
61,A,61,GLN,-1.3930000066757202,-7.26800012588501,-5.59499979019165,False,True,151.39973477049605,0.16743877006911864,3,True,True,0
70,A,70,GLN,13.692999839782717,-3.328000068664551,-8.430000305175781,False,True,141.10783512068122,0.15604516153449738,4,True,False,1
73,A,73,ARG,15.765000343322754,-5.01200008392334,-4.168000221252441,False,True,98.3499680308287,0.10871022668542804,5,True,False,1
