idx,chain,resnum,resname,x,y,z,is_active_site,is_surface,raw_score,normalized_score,rank,in_top5,is_ground_truth,hop_to_gt
186,A,187,ASP,262.9119873046875,254.72999572753903,323.7900085449219,False,True,4.677580717759983,2.6765769460598843e-06,1,True,False,2
187,A,188,TYR,260.4859924316406,252.0679931640625,322.5530090332031,False,True,4.484425690853579,2.4834224208416863e-06,2,True,False,2
255,A,256,ARG,260.08599853515625,243.4530029296875,319.6409912109375,False,True,4.221300272979224,2.220297686392045e-06,3,True,False,2
176,A,177,ARG,266.4970092773437,259.35400390625,304.8429870605469,False,True,4.175208375043794,2.174205908172689e-06,4,True,False,2
72,A,73,HIS,268.989013671875,262.5790100097656,314.4320068359375,False,True,4.134767611410474,2.133765249577558e-06,5,True,False,1
