rank,chain,resnum,resname,raw_score,normalized_score,x,y,z
1,A,465,PHE,5.921093122914863,4.048553475779016e-06,66.88800048828125,71.72599792480469,-60.16699981689453
2,A,177,THR,5.69893064319194,3.826391859797371e-06,65.28600311279297,77.48400115966797,-50.64400100708008
3,A,674,ILE,5.6272714431166335,3.754732938324505e-06,75.72000122070312,74.49099731445312,-52.5359992980957
4,A,187,ASN,5.574691377128368,3.702153076761278e-06,67.53299713134766,71.30899810791016,-41.33700180053711
5,A,237,ARG,5.517997492359188,3.645459412411174e-06,73.11299896240234,63.77399826049805,-57.90700149536133
